ID,Judul,Deskripsi,Genre,Rating,Popularitas,Tanggal
969681,Spider-Man: Brand New Day,Fighting crime full-time as Spider-Man in a world that doesn't remember him—and the pressure of seeing his old friends move on without him—sparks a change in Peter Parker he may not have the power to control. But that transformation might also be the only thing that can stop a shocking new threat to the city and those he loves - a powerful villain no one can even see.,"Science Fiction, Action, Adventure",7.864,653.7739,2026-07-29
1423191,Resident Evil,"Medical courier Bryan unwittingly finds himself fighting for survival as one fateful, horrifying night collapses around him in chaos.","Horror, Science Fiction, Adventure",7.313,584.55,2026-09-16
1101383,The End of Oak Street,"After a mysterious cosmic event rips Oak Street from suburbia and transports their neighborhood to someplace unknown, the Platt family soon discovers that their very survival depends on them sticking together as they navigate their now unrecognizable surroundings.","Science Fiction, Mystery, Thriller",7.011,485.8521,2026-08-12
1204680,Coyote vs. Acme,"After Acme products fail him one too many times in his dogged pursuit of the Roadrunner, Wile E. Coyote decides to hire a billboard lawyer to sue the Acme Corporation.","Comedy, Adventure, Family",7.521,409.4076,2026-08-20
1368337,The Odyssey,"Odysseus, the legendary King of Ithaca, embarks on a long and perilous journey home following the Trojan War. Throughout his voyage, he is forced to confront the whims of gods, mythological monsters, and trials that stretch both his cunning and his humanity to the breaking point.","Adventure, Action, Fantasy",8.016,346.9968,2026-07-15
1375646,Colony,"Professor Se-jeong is thrust into a bloody nightmare when a rapidly mutating virus is released during a biotech conference causing authorities to seal the facility. Trapped inside with no escape, Se-jeong along with a small group of survivors must fight to stay alive while the infected undergo horrific transformations.","Action, Horror, Science Fiction",8.085,290.1781,2026-05-21
1294189,The Mongoose,"A falsely accused war hero with nothing to lose leads police on an epic televised cross-country car chase, helped by members of his former Special Forces Army battalion and closely monitored by a fascinated public rooting for his safe getaway.","Action, Thriller",0.0,266.5748,2026-10-29
1288445,Mutiny,"After witnessing his billionaire boss' murder and being framed for the crime, Cole Reed boards a cargo ship on a one-man crusade to avenge his boss' death only to discover an international conspiracy.","Action, Thriller",6.424,229.0152,2026-08-19
1482547,Zip Wire,"When her ground-breaking pharmaceutical discovery is stolen and partner murdered, researcher Amy must face her fear of heights to escape nefarious attackers, with the only path to salvation being a treacherous aerial runway. To outsmart the mysterious hostiles, she has to summon every ounce of courage to protect the world-changing scientific discovery — and herself — before it's too late.","Action, Thriller",7.615,195.9197,2026-08-31
1285366,Shape of My Heart,"A romance about a man and a woman who, due to an unexpected event, end up switching bodies. Despite coming from completely different backgrounds and environments, the two try to overcome the various difficulties that arise from their body swap.",Romance,5.688,145.3021,2024-07-06
1108427,Moana,"Teenage Moana answers the Ocean's call and, for the first time, voyages beyond the reef of her island of Motunui with infamous demigod Maui on an unforgettable journey to restore prosperity to her people.","Family, Fantasy, Comedy, Adventure",7.425,183.5472,2026-07-08
1440098,Drawn Together,"Marfil, daughter of a powerful Spanish businessman, sees her life in New York turned upside down when she is kidnapped and released without explanation. Her father hires Sebastian Moore as bodyguard and, forced to spend every minute together, an inevitable attraction ignites in a world where nothing is as it seems.","Romance, Thriller",6.662,148.2249,2026-09-09
1084244,Toy Story 5,"When Bonnie receives a Lilypad tablet as a gift and becomes obsessed, Buzz, Woody, Jessie and the rest of the gang's jobs become exponentially harder when they have to go head to head with the all-new threat to playtime.","Animation, Family, Comedy, Adventure",8.359,146.8947,2026-06-17
1339713,Obsession,"After breaking the mysterious ""One Wish Willow"" to win his crush's heart, a hopeless romantic finds himself getting exactly what he asked for but soon discovers that some desires come at a dark, sinister price.","Horror, Thriller",8.194,123.629,2026-05-13
1232569,Pinocchio: Unstrung,"Influenced by a sinister Cricket and created by Geppetto, Pinocchio launches a violent crusade to carve himself into a real boy like his brother James, one piece at a time.","Horror, Fantasy, Mystery",6.565,137.4338,2026-07-22
1386315,The Runner,"Maia Marten, a brilliant London lawyer, has her life shattered by a single call on her morning run: her son has been taken. To get him back, she must keep running, obey every ruthless command, and trust no one-each second a test of how far a mother will go to save her child.","Thriller, Action",6.765,123.862,2026-09-03
1240889,Teenage Sex and Death at Camp Miasma,"After years of slapdash sequels, the Camp Miasma franchise is handed over to an enthusiastic young director for resurrection. But when she visits the original’s star, a now-reclusive actress shrouded in mystery, the two women fall into a blood-soaked world of desire, fear, and delirium.","Comedy, Horror, Romance",6.455,130.0998,2026-08-06
1315772,Minions & Monsters,"This is the rambunctious, ridiculous and totally true story of how the Minions conquered Hollywood, became movie stars, lost everything, unleashed monsters onto the world and then banded together to try and save the planet from the mayhem they had just created.","Adventure, Animation, Comedy, Family, Fantasy",7.555,120.1224,2026-06-24
1323244,Rage of Stars,"A story about a woman from the International Special Forces Unit, who has a premonition about the impending end of humanity.","Action, Science Fiction, Thriller",6.778,114.3201,2026-08-06
1469930,Project Sacrifice,"While investigating their father’s death inside a major bridge construction company, Yuda and his family attempt to prove that the frequent, deadly workplace accidents are actually human sacrifices.","Horror, Thriller",3.917,109.7721,2026-05-13
82976,The Novices,"Sister Agnès runs away from her convent in Brittany and seeks refuge in Paris with prostitute Mona Lisa. With absolutely no qualifications, the young novice has a hard job finding work, so Mona Lisa tries to teach her the ropes of the oldest profession of them all!","Comedy, Drama",4.8,86.9629,1970-04-01
1408162,Vishwanath & Sons,A celebrated Olympian shooter travels to America looking for a donor to help his sick child — but unexpected romance complicates his search.,"Drama, Romance, Comedy",7.3,94.6603,2026-08-14
687163,Project Hail Mary,"Science teacher Ryland Grace wakes up on a spaceship light years from home with no recollection of who he is or how he got there. As his memory returns, he begins to uncover his mission: solve the riddle of the mysterious substance causing the sun to die out. He must call on his scientific knowledge and unorthodox ideas to save everything on Earth from extinction.","Science Fiction, Adventure",8.639,99.5931,2026-03-15
1228834,The Fix,"Disillusioned by the end of the war in Afghanistan, a group of disgraced, war-torn ex-CIA operatives set out to Tehran to take down a life-changing score.","Action, Thriller",7.5,101.2301,2026-09-10
1137844,Mayday,"When a U.S. Navy pilot on a top-secret mission during the Cold War gets trapped behind enemy lines, his only chance at survival is to form an alliance with an eccentric ex-KGB agent.","Action, Comedy",8.043,91.2819,2026-09-03
1224993,Dark Nuns,"Desperation drives two nuns to perform an exorcism no nun should attempt. With a possessed child at the mercy of evil and the opposition of the Catholic Church, they take on the dangerous forbidden rituals themselves, putting their immortal souls in grave danger. They must confront the terrifying cost of their sacrilegious actions, but one goal remains: the boy must be saved at all costs.","Horror, Mystery, Thriller, Drama",6.186,105.5042,2025-01-24
1516698,The Last Sunrise,"Ry, a college student with a chronic illness, escapes to Mallorca for the summer with her mother, where she unexpectedly falls for a local and begins to embrace living in the moment. But as her condition worsens and long-hidden family secrets come to light, everything she has found before summer's end is threatened.","Romance, Drama",6.793,96.0388,2026-08-26
1621552,Facing El Chapo,Two Mexican officers must survive the final hours of their shift after crossing a ruthless cartel boss.,"Crime, Action, Thriller",8.799,95.4174,2026-08-21
1185806,PAW Patrol: The Dino Movie,"The Paw Patrol lands on a mysterious dinosaur island after a storm, where they meet Rex, a stranded pup. When Humdinger's reckless mining triggers a volcano, the team faces their biggest rescue mission yet to save the island.","Animation, Adventure, Family, Fantasy, Comedy",8.0,94.7701,2026-07-23
1393326,Ghost in the Cell,"In a notorious prison, an invisible force begins killing inmates brutally, compelling enemy gangs and corrupt guards to work together as they try to survive the mounting bloodshed.","Horror, Comedy, Thriller",7.185,87.5694,2026-04-16
755898,War of the Worlds,"Will Radford is a top analyst for Homeland Security who tracks potential threats through a mass surveillance program, until one day an attack by an unknown entity leads him to question whether the government is hiding something from him... and from the rest of the world.","Science Fiction, Thriller",4.031,91.5395,2025-07-29
1599993,Animals,"Four couples sail the thin line between desire and search for authenticity, in a world where truth is as fragile as their relationships.","Comedy, Thriller",6.367,87.9108,2026-02-05
1275779,Disclosure Day,"A cybersecurity expert becomes a whistleblower after uncovering secrets about aliens, putting him on the run from a corporation. Meanwhile, a meteorologist experiencing strange phenomena joins forces with him to prove there's life beyond our understanding.","Science Fiction, Thriller",7.5,88.0504,2026-06-10
1641629,You+Me - Against the World,"Alma Lancaster, 18, appears to lead a perfect life within a wealthy family who believes she is studying law. In secret, she pursues her true dream: filmmaking. On campus, she meets Vadim Arcadi, 20, a magnetic and solitary rebel with a troubled past. Forced to collaborate on a student film, they clash, grow closer and fall in love — despite themselves. But someone is watching them, determined to tear them apart and expose secrets that could destroy both Alma and Vadim.","Romance, Drama",5.7,94.6606,2026-09-18
1127384,Deep Water,A group of international passengers on a flight from Los Angeles to Shanghai is forced to make an emergency landing in shark-infested waters. The terrified group is forced to work together and overcome their differences if they hope to escape their sinking plane and the frenzy of sharks drawn to the wreckage.,"Horror, Thriller, Adventure",7.372,83.0407,2026-04-30
1083381,Backrooms,A strange doorway appears in the basement of a furniture showroom.,"Horror, Mystery, Science Fiction",7.0,91.0767,2026-05-27
1607127,One Last Shot,"Seasoned Navy SEAL Jake Harris is called back into action when the world is threatened by a former comrade. To track down and prevent the mastermind from extracting the nuclear codes, Harris must lead his team into enemy territory against a brutal barrage of mercenaries, deadly traps, and a reckoning with his own checkered past.","Action, Thriller",7.909,90.7214,2026-09-22
1130948,Rosebush Pruning,"When an American heir living in a luxurious Spanish villa decides to move in with his girlfriend, his departure triggers a family collapse as his brother uncovers the truth behind their mother's tragic death.","Comedy, Drama, Thriller",6.12,83.9119,2026-04-23
299536,Avengers: Infinity War,"As the Avengers and their allies have continued to protect the world from threats too large for any one hero to handle, a new danger has emerged from the cosmic shadows: Thanos. A despot of intergalactic infamy, his goal is to collect all six Infinity Stones, artifacts of unimaginable power, and use them to inflict his twisted will on all of reality. Everything the Avengers have fought for has led up to this moment - the fate of Earth and existence itself has never been more uncertain.","Adventure, Action, Science Fiction",8.243,88.3314,2018-04-25
1506560,Clash of the Thundermans,"When Chloe develops a destructive new superpower, the Hero League orders her to an elite boarding school for superheroes to learn control of her abilities. Faced with the prospect of sending Chloe away for years, the Thundermans split apart, with Phoebe, Barb and Billy taking her into hiding. Max, Hank, and Nora track their rogue family members, until the two factions face off against each other in a full-on battle for the Thundermans’ future.","TV Movie, Family, Action",6.7,78.1683,2026-09-03
1228710,The Mandalorian and Grogu,"The evil Empire has fallen, and Imperial warlords remain scattered throughout the galaxy. As the fledgling New Republic works to protect everything the Rebellion fought for, they have enlisted the help of legendary Mandalorian bounty hunter Din Djarin and his young apprentice Grogu.","Action, Adventure, Science Fiction",7.477,81.0277,2026-05-20
299534,Avengers: Endgame,"After the devastating events of Avengers: Infinity War, the universe is in ruins due to the efforts of the Mad Titan, Thanos. With the help of remaining allies, the Avengers must assemble once more in order to undo Thanos' actions and restore order to the universe once and for all, no matter what consequences may be in store.","Adventure, Science Fiction, Action",8.244,112.3927,2019-04-24
980431,Avatar Aang: The Last Airbender,"Avatar Aang, the world's last Airbender, learns of an ancient power that could save his culture from extinction. With the help of his friends, he embarks on a global quest to find it before it falls into the wrong hands and threatens to upend the peace they sacrificed everything to achieve.","Animation, Adventure, Fantasy, Action",9.153,83.0092,2026-07-24
1405742,Portal to Hell,"After a debt-collector finds a portal to hell in a washing machine at his local laundromat, he’s propositioned into feeding it sinners to save his neighbor’s soul, maybe even at the expense of his own.","Comedy, Horror",5.538,84.454,2025-02-22
1084242,Zootopia 2,"After cracking the biggest case in Zootopia's history, rookie cops Judy Hopps and Nick Wilde find themselves on the twisting trail of a great mystery when Gary De'Snake arrives and turns the animal metropolis upside down. To crack the case, Judy and Nick must go undercover to unexpected new parts of town, where their growing partnership is tested like never before.","Animation, Adventure, Comedy, Mystery, Family",7.672,75.845,2025-11-26
1419406,The Shadow's Edge,Macau Police brings the tracking expert police officer out of retirement to help catch a dangerous group of professional thieves.,"Action, Crime, Drama, Thriller",8.284,75.0113,2025-08-16
460458,Resident Evil: Welcome to Raccoon City,"Once the booming home of pharmaceutical giant Umbrella Corporation, Raccoon City is now a dying Midwestern town. The company’s exodus left the city a wasteland…with great evil brewing below the surface. When that evil is unleashed, the townspeople are forever…changed…and a small group of survivors must work together to uncover the truth behind Umbrella and make it through the night.","Action, Horror, Science Fiction",5.932,84.8407,2021-11-24
83533,Avatar: Fire and Ash,"In the wake of the devastating war against the RDA and the loss of their eldest son, Jake Sully and Neytiri face a new threat on Pandora: the Ash People, a violent and power-hungry Na'vi tribe led by the ruthless Varang. Jake's family must fight for their survival and the future of Pandora in a conflict that pushes them to their emotional and physical limits.","Science Fiction, Adventure, Fantasy",7.643,75.0649,2025-12-17
1560520,Batman: Knightfall Part 1: Knightfall,"Arkham Asylum has been destroyed, and all its inmates have been unleashed upon Gotham City. As Batman races to round up some of his greatest enemies, he is pushed to his physical and mental limits and into a final confrontation with a new threat: the man called Bane!","Animation, Action, Adventure, Science Fiction",9.155,75.9198,2026-06-23
1318467,The Last Kiss,"Laurel always imagined her first kiss would be a fairy tale. Instead, that fantasy turns frightening when she's cursed with an ability to see the death of anyone she kisses. After a vision reveals her crush is doomed to die in a strange murder spree targeting her closest friends, she races to unmask the killer before the mystery becomes a massacre.","Horror, Mystery, Thriller",6.393,66.5672,2026-09-15
278,The Shawshank Redemption,"Imprisoned in the 1940s for the double murder of his wife and her lover, upstanding banker Andy Dufresne begins a new life at the Shawshank prison, where he puts his accounting skills to work for an amoral warden. During his long stretch in prison, Dufresne comes to be admired by the other inmates -- including an older prisoner named Red -- for his integrity and unquenchable sense of hope.","Drama, Crime",8.73,71.0503,1994-09-23
157336,Interstellar,The adventures of a group of explorers who make use of a newly discovered wormhole to surpass the limitations on human space travel and conquer the vast distances involved in an interstellar voyage.,"Adventure, Drama, Science Fiction",8.488,70.4329,2014-11-05
1263337,Heart of the Beast,"After a harrowing plane crash, Special Forces officer James Belmont and his combat dog, Odin, find themselves stranded deep in the Alaskan wilderness. Together, they are forced into a brutal fight for survival against the elements.","Adventure, Thriller",7.8,71.8911,2026-09-19
1081003,Supergirl,"When an unexpected and ruthless adversary strikes too close to home, Kara Zor-El, aka Supergirl, reluctantly joins forces with an unlikely companion on an epic, interstellar journey of vengeance and justice.","Action, Adventure, Science Fiction",6.7,65.5483,2026-06-24
1156869,Blaze of Love,Hong Kong movie,Tidak Diketahui,0.0,65.1085,1994-01-01
155,The Dark Knight,"Batman raises the stakes in his war on crime. With the help of Lt. Jim Gordon and District Attorney Harvey Dent, Batman sets out to dismantle the remaining criminal organizations that plague the streets. The partnership proves to be effective, but they soon find themselves prey to a reign of chaos unleashed by a rising criminal mastermind known to the terrified citizens of Gotham as the Joker.","Action, Thriller, Crime",8.535,65.0717,2008-07-16
238,The Godfather,"Spanning the years 1945 to 1955, a chronicle of the fictional Italian-American Corleone crime family. When organized crime family patriarch, Vito Corleone barely survives an attempt on his life, his youngest son, Michael steps in to take care of the would-be killers, launching a campaign of bloody revenge.","Drama, Crime",8.687,65.2139,1972-03-14
6435,Practical Magic,"Sally and Gillian Owens, born into a magical family, have mostly avoided witchcraft themselves. But when Gillian's vicious boyfriend, Jimmy Angelov, dies unexpectedly, the Owens sisters give themselves a crash course in hard magic. With policeman Gary Hallet growing suspicious, the girls struggle to resurrect Angelov -- and unwittingly inject his corpse with an evil spirit that threatens to end their family line.","Romance, Fantasy, Comedy",6.812,61.0436,1998-10-16
1058424,Hope,"In the remote South Korean village of Hope Harbor, police chief Bum-seok and officer Sung-ae are called to investigate a mysterious creature wreaking havoc on the community. But all is not as it seems, and perceptions can be misleading. What begins as ignorance plants the seed of disaster, escalating through human conflict into a tragedy of cosmic proportions.","Science Fiction, Mystery, Action",7.4,69.9905,2026-07-15
76341,Mad Max: Fury Road,"An apocalyptic story set in the furthest reaches of our planet, in a stark desert landscape where humanity is broken, and most everyone is crazed fighting for the necessities of life. Within this world exist two rebels on the run who just might be able to restore order.","Action, Adventure, Science Fiction",7.639,61.0888,2015-05-13
1514682,Above & Below,A group of friends set off for an unforgettable vacation. What begins as an adventure of partying and diving quickly turns into a nightmare when they are attacked by criminals in open waters.,"Thriller, Crime",6.1,64.1657,2026-07-29
1685882,Modha Rathri,"Two strangers are brought together at an unusual wedding where, in one night, too many surprises unfold and several lies are told, spiraling into chaos that changes everything.","Romance, Comedy",7.2,69.3461,2026-08-21
860508,The Whisper Man,"When his young son vanishes, a widower enlists help from his estranged father, a retired detective who put away the serial killer now linked to the case.","Crime, Drama, Thriller",6.86,63.7537,2026-08-27
634649,Spider-Man: No Way Home,"Peter Parker is unmasked and no longer able to separate his normal life from the high-stakes of being a super-hero. When he asks for help from Doctor Strange the stakes become even more dangerous, forcing him to discover what it truly means to be Spider-Man.","Action, Adventure, Science Fiction",7.947,64.6442,2021-12-15
24428,The Avengers,"When an unexpected enemy emerges and threatens global safety and security, Nick Fury, director of the international peacekeeping agency known as S.H.I.E.L.D., finds himself in need of a team to pull the world back from the brink of disaster. Spanning the globe, a daring recruitment effort begins!","Science Fiction, Action, Adventure",8.077,64.2617,2012-04-25
1101412,Fall 2: Deadpoint,"On a perilous climb across Thailand's Mount Kwan, two climbers become trapped thousands of feet above the ground, where vertigo-inducing heights, sheer exposure, and impossible odds turn every moment into a fight for survival.",Thriller,6.419,67.2442,2026-09-01
1226863,The Super Mario Galaxy Movie,"Having thwarted Bowser's previous plot to marry Princess Peach, Mario and Luigi now face a fresh threat in Bowser Jr., who is determined to liberate his father from captivity and restore the family legacy. Alongside companions new and old, the brothers travel across the stars to stop the young heir's crusade.","Family, Comedy, Adventure, Fantasy, Animation",8.222,59.625,2026-04-01
264980,Loves of a French Pussycat,"Rolf, a sex-advice columnist and a lecher, has affairs with numerous women, but never a permanent relationship. Suzanne, one of his ex-lovers, offers to bet that no woman can get Rolf to propose marriage, a bet her girlfriend Andrea eagerly accepts. But there's a catch: To win the bet, Andrea must get the womanizing Rolf to commit to marriage without first going to bed with him.",Comedy,4.2,54.9531,1972-03-09
218,The Terminator,"In the post-apocalyptic future, reigning tyrannical supercomputers teleport a cyborg assassin known as the ""Terminator"" back to 1984 to kill Sarah Connor, whose unborn son is destined to lead insurgents against 21st century mechanical hegemony. Meanwhile, the human-resistance movement dispatches a lone warrior to safeguard Sarah. Can he stop the virtually indestructible killing machine?","Action, Thriller, Science Fiction",7.7,54.5731,1984-10-26
1184918,The Wild Robot,"After a shipwreck, an intelligent robot called Roz is stranded on an uninhabited island. To survive the harsh environment, Roz bonds with the island's animals and cares for an orphaned baby goose.","Family, Animation, Science Fiction, Adventure",8.307,60.0919,2024-09-12
1311031,Demon Slayer: Kimetsu no Yaiba Infinity Castle,"The Demon Slayer Corps are drawn into the Infinity Castle, where Tanjiro, Nezuko, and the Hashira face terrifying Upper Rank demons in a desperate fight as the final battle against Muzan Kibutsuji begins.","Animation, Action, Fantasy",8.804,59.8066,2025-07-18
27205,Inception,"Cobb, a skilled thief who commits corporate espionage by infiltrating the subconscious of his targets is offered a chance to regain his old life as payment for a task considered to be impossible: ""inception"", the implantation of another person's idea into a target's subconscious.","Action, Science Fiction, Adventure",8.374,59.0515,2010-07-15
1212763,Evil Dead Burn,"After her husband's abrupt death, Alice seeks solace with his remaining family — descendants of a leading researcher on demonic possession. As her in-laws transform one by one into creatures that feed on fear, she comes to discover that the vows she took in life survive even in death.",Horror,7.678,60.0734,2026-07-07
1273221,Scary Movie,"Twenty-six years after outrunning a suspiciously familiar masked killer, the Core Four are back in the killer's crosshairs and no horror movie IP is safe.",Comedy,6.4,61.7808,2026-06-03
1377237,Runner,"A former soldier is thrown into a brutal race against time when a critical medical delivery makes him and his unlikely partner the targets of a ruthless cartel. As the mission spirals into a deadly manhunt, every detour, delay, and bullet pushes them closer to failure. With betrayal closing in from every side, they must survive the chase and deliver their cargo to save the life of a little girl.","Action, Comedy, Thriller",7.7,60.807,2026-09-07
813418,Hot Spot,"Set in a near future society ruled by sentient A.I., a private eye investigates a murder case only to discover a rebel group capable of undermining the digital overlord. As the detective's identity slowly unravels, his world enters a state of hypnotic meltdown.","Science Fiction, Action, Crime, Fantasy, Thriller",4.905,70.8964,2026-08-21
1386238,Black Gold,"Ramiro meets Damián again after years without seeing each other. Damián always has some shady business going on. This time he wants to go in a search of a certain treasure hidden in an abandoned convent. Lara, Ramiro's girlfriend, doesn't trust Damián and decides to accompany them. What they don't know is that taking that thing from there could unleash a curse that will haunt them forever, unless they return it just as they found it.",Horror,3.0,64.844,2024-12-06
1301421,The Sheep Detectives,"George Hardy is a shepherd who reads detective novels to his beloved sheep every night, assuming they can't possibly understand. But when a mysterious incident disrupts life on the farm, the sheep realize they must become the detectives. As they follow the clues and investigate human suspects, they prove that even sheep can be brilliant crime-solvers.","Comedy, Family, Mystery",7.935,53.001,2026-04-30
1302904,Practical Magic 2,The Owens sisters must confront the dark curse that threatens to unravel their family once and for all.,"Romance, Fantasy, Comedy",6.175,56.758,2026-09-09
533535,Deadpool & Wolverine,"A listless Wade Wilson toils away in civilian life with his days as the morally flexible mercenary, Deadpool, behind him. But when his homeworld faces an existential threat, Wade must reluctantly suit-up again with an even more reluctant Wolverine.","Action, Comedy, Science Fiction",7.589,58.1344,2024-07-24
1280738,The Furious,"After a criminal network kidnaps Wang Wei's daughter and the corrupt police refuse to assist him, Wei sets out on his own to locate her. Navin, a tenacious journalist whose wife has mysteriously vanished, is his only ally. In this explosive martial arts showdown, the unlikely duo fights the kidnappers ruthlessly driven by a furious vengeance.","Action, Crime, Thriller",8.2,58.328,2026-06-10
1641580,The Last Assassins,"After her father is murdered, a young warrior known as “The Kid” and her guardian cross a violent dystopian future in search of the aunt she has never met. The world is trapped in permanent winter and shrouded in deadly fog, and Nobel is bound by an oath to protect the few remaining members of her family. Their journey leads them to an abandoned laboratory, where holograms reveal secrets from the family’s past. But as the boundary between the digital and physical worlds begins to collapse, the young woman may hold the key to what comes next.","Science Fiction, Adventure, Thriller, Action",6.0,56.3621,2026-07-21
1594914,Lucky Strike,"A wounded American soldier fights to survive behind enemy lines during WWII's Battle of the Bulge against the Germans, relying on his instinct, spy craft and a hand-radio to evade capture and find his way back to his unit.","Action, War",6.8,57.8436,2026-06-26
1656489,Sultana,"Sultana is a drama set in Istanbul's one and only strip club, telling a story of a women, power, rivalry and solidarity. A new Turkish story where women are not victims in a fairy tale, but warriors learning that the 'handsome prince' is often the real monster- and their only salvation is each other. Meral the long reigning queen of the one and only strip club of Istanbul which is Sultana, takes a talented new Belarusian dancer named Anna under her wing. But she soon realizes she has created a rival powerful enough to replace her, and a ruthless power struggle erupts between the two women.","Drama, Music",6.0,55.4364,2026-04-17
1514863,Best of the Best,"Two childhood besties join UCLA's competitive Bollywood-fusion dance team, only to find the road to the US championships is fiercer than they imagined.",Comedy,4.929,53.1783,2026-09-18
671,Harry Potter and the Philosopher's Stone,"Harry Potter has lived under the stairs at his aunt and uncle's house his whole life. But on his 11th birthday, he learns he's a powerful wizard—with a place waiting for him at the Hogwarts School of Witchcraft and Wizardry. As he learns to harness his newfound powers with the help of the school's kindly headmaster, Harry uncovers the truth about his parents' deaths—and about the villain who's to blame.","Adventure, Fantasy",7.903,54.6448,2001-11-16
1234821,Jurassic World Rebirth,"Five years after the events of Jurassic World Dominion, covert operations expert Zora Bennett is contracted to lead a skilled team on a top-secret mission to secure genetic material from the world's three most massive dinosaurs. When Zora's operation intersects with a civilian family whose boating expedition was capsized, they all find themselves stranded on an island where they come face-to-face with a sinister, shocking discovery that's been hidden from the world for decades.","Science Fiction, Adventure, Action",6.257,51.1393,2025-06-23
122,The Lord of the Rings: The Return of the King,"As armies mass for a final battle that will decide the fate of the world--and powerful, ancient forces of Light and Dark compete to determine the outcome--one member of the Fellowship of the Ring is revealed as the noble heir to the throne of the Kings of Men. Yet, the sole hope for triumph over evil lies with a brave hobbit, Frodo, who, accompanied by his loyal friend Sam and the hideous, wretched Gollum, ventures deep into the very dark heart of Mordor on his seemingly impossible quest to destroy the Ring of Power.​","Adventure, Fantasy, Action",8.505,56.2081,2003-12-17
335984,Blade Runner 2049,"Thirty years after the events of the first film, a new blade runner, LAPD Officer K, unearths a long-buried secret that has the potential to plunge what's left of society into chaos. K's discovery leads him on a quest to find Rick Deckard, a former LAPD blade runner who has been missing for 30 years.","Science Fiction, Drama",7.6,55.7571,2017-10-04
569094,Spider-Man: Across the Spider-Verse,"After reuniting with Gwen Stacy, Brooklyn’s full-time, friendly neighborhood Spider-Man is catapulted across the Multiverse, where he encounters the Spider Society, a team of Spider-People charged with protecting the Multiverse's very existence. But when the heroes clash on how to handle a new threat, Miles finds himself pitted against the other Spiders and must set out on his own to save those he loves most.","Animation, Action, Adventure, Science Fiction",8.349,52.103,2023-05-31
872585,Oppenheimer,The story of J. Robert Oppenheimer's role in the development of the atomic bomb during World War II.,"Drama, History",8.022,55.1334,2023-07-19
1284465,The Death of Robin Hood,"Grappling with his past after a life of crime and murder, Robin Hood finds himself gravely injured after a battle he thought would be his last. In the hands of a mysterious woman, he is offered a chance at salvation.","Adventure, Drama, Action",6.227,54.6191,2026-06-18
693134,Dune: Part Two,"Follow the mythic journey of Paul Atreides as he unites with Chani and the Fremen while on a path of revenge against the conspirators who destroyed his family. Facing a choice between the love of his life and the fate of the known universe, Paul endeavors to prevent a terrible future only he can foresee.","Science Fiction, Adventure",8.135,51.3015,2024-02-27
454639,Masters of the Universe,"After being separated for 15 years, the Sword of Power leads Prince Adam back to Eternia, where he discovers his home shattered under the fiendish rule of Skeletor. To save his family and his world, Adam must join forces with his closest allies, Teela and Duncan/Man-At-Arms, and embrace his true destiny as He-Man — the most powerful man in the universe.","Action, Fantasy, Science Fiction",7.122,52.8041,2026-06-03
936075,Michael,"The story of Michael Jackson, one of the most influential artists the world has ever known, and his life beyond the music. His journey from the discovery of his extraordinary talent as the lead of the Jackson Five, to the visionary artist whose creative ambition fueled a relentless pursuit to become the biggest entertainer in the world, highlighting both his life off-stage and some of the most iconic performances from his early solo career.","Music, Drama",8.632,56.0259,2026-04-22
205596,The Imitation Game,"Based on the real life story of legendary cryptanalyst Alan Turing, the film portrays the nail-biting race against time by Turing and his brilliant team of code-breakers at Britain's top-secret Government Code and Cypher School at Bletchley Park, during the darkest days of World War II.","History, Drama, Thriller, War",8.0,55.8023,2014-11-14
150540,Inside Out,"When 11-year-old Riley moves to a new city, her Emotions team up to help her through the transition. Joy, Fear, Anger, Disgust and Sadness work together, but when Joy and Sadness get lost, they must journey through unfamiliar places to get back home.","Animation, Family, Adventure, Drama, Comedy",7.906,53.8634,2015-06-17
20352,Despicable Me,"Determined to prove he's the world's greatest supervillain, Gru hatches an audacious plan to steal the Moon. To pull it off, he adopts three orphaned girls—Margo, Edith, and Agnes—intending to use them as pawns in his scheme. But the unexpected bond they form forces him to question the criminal life he's always known.","Animation, Comedy, Crime, Science Fiction, Family",7.262,53.9025,2010-07-08
863,Toy Story 2,"Andy heads off to Cowboy Camp, leaving his toys to their own devices. Things shift into high gear when an obsessive toy collector named Al McWhiggen, owner of Al's Toy Barn kidnaps Woody. Andy's toys mount a daring rescue mission, Buzz Lightyear meets his match and Woody has to decide where he and his heart truly belong.","Animation, Comedy, Family",7.623,52.2603,1999-10-30
1327819,Hoppers,"Scientists have discovered how to 'hop' human consciousness into lifelike robotic animals, allowing people to communicate with animals as animals. Animal lover Mabel seizes an opportunity to use the technology, uncovering mysteries within the animal world beyond anything she could have imagined.","Adventure, Animation, Comedy, Family, Science Fiction",8.149,51.7889,2026-03-04
120,The Lord of the Rings: The Fellowship of the Ring,"Young hobbit Frodo Baggins, after inheriting a mysterious ring from his uncle Bilbo, must leave his home in order to keep it from falling into the hands of its evil creator. Along the way, a fellowship is formed to protect the ringbearer and make sure that the ring arrives at its final destination: Mt. Doom, the only place where it can be destroyed.","Adventure, Fantasy, Action",8.445,50.7379,2001-12-18
414906,The Batman,"In his second year of fighting crime, Batman uncovers corruption in Gotham City that connects to his own family while facing a serial killer known as the Riddler.","Crime, Mystery, Thriller",7.669,48.7997,2022-03-01
1003596,Avengers: Doomsday,Beloved heroes from three distinct universes are set on a deadly collision course and face an existential threat unlike anything they've ever encountered.,"Science Fiction, Action, Adventure",0.0,53.0277,2026-12-16
1180894,Under Your Feet,"Isabel moves with her two children into a very prestigious building that has a very peculiar admission method but at a very affordable rental fee. Once approved and settled, three elderly neighbors from the lower floor will turn their lives upside down.",Horror,5.019,46.5823,2026-02-19
19995,Avatar,"In the 22nd century, a paraplegic Marine is dispatched to the moon Pandora on a unique mission, but becomes torn between following orders and protecting an alien civilization.","Science Fiction, Action, Adventure",7.609,46.2996,2009-12-16
603,The Matrix,"Set in the 22nd century, The Matrix tells the story of a computer hacker who joins a group of underground insurgents fighting the vast and powerful computers who now rule the earth.","Action, Science Fiction",8.258,47.9246,1999-03-31
550,Fight Club,"A ticking-time-bomb insomniac and a slippery soap salesman channel primal male aggression into a shocking new form of therapy. Their concept catches on, with underground ""fight clubs"" forming in every town, until an eccentric gets in the way and ignites an out-of-control spiral toward oblivion.","Drama, Thriller",8.437,47.1488,1999-10-15
1314481,The Devil Wears Prada 2,"Andy Sachs returns to Runway as Miranda Priestly navigates a new media landscape and Runway's position within. The duo reconnect with former assistant Emily Charlton, now the head of a luxury brand that possesses funding which could ensure Runway's survival.","Comedy, Drama",7.049,47.0659,2026-04-29
10138,Iron Man 2,"With the world now aware of his dual life as the armored superhero Iron Man, billionaire inventor Tony Stark faces pressure from the government, the press and the public to share his technology with the military. Unwilling to let go of his invention, Stark, with Pepper Potts and James 'Rhodey' Rhodes at his side, must forge new alliances – and confront powerful enemies.","Adventure, Action, Science Fiction",6.855,49.5313,2010-04-28
1288059,I Want Your Sex,"When a naive young man becomes the sexual muse for a renowned and provocative artist, his dream job quickly turns dangerous as he is drawn into an obsessive world of power, betrayal, and murder.",Comedy,6.1,46.8731,2026-07-29
49026,The Dark Knight Rises,"Following the death of District Attorney Harvey Dent, Batman assumes responsibility for Dent's crimes to protect the late attorney's reputation and is subsequently hunted by the Gotham City Police Department. Eight years later, Batman encounters the mysterious Selina Kyle and the villainous Bane, a new terrorist leader who overwhelms Gotham's finest. The Dark Knight resurfaces to protect a city that has branded him an enemy.","Action, Crime, Drama, Thriller",7.797,43.3461,2012-07-17
1451944,Lust Stories 3,"Through four bite-sized yet emotionally resonant films, the anthology once again explores lust, love, relationships, and repressed desire, offering fresh perspectives on intimacy, longing, and human connection in all their complexity.","Romance, Drama",6.5,49.5056,2026-09-18
44980,Zero Woman 2,"When a valuable suitcase is stolen, the mob, petty criminals, and a beautiful agent from the Elite Zero division are pulled into a battle to settle the score.","Action, Thriller",5.0,49.7778,1995-09-05
1061474,Superman,"Superman, a journalist in Metropolis, embarks on a journey to reconcile his Kryptonian heritage with his human upbringing as Clark Kent.","Science Fiction, Adventure, Action",7.324,47.283,2025-07-09
1290821,Shelter,"A man living in self-imposed exile on a remote island rescues a young girl from a violent storm, setting off a chain of events that forces him out of seclusion to protect her from enemies tied to his past.","Action, Crime, Thriller",7.8,47.6081,2026-01-28
680,Pulp Fiction,"A burger-loving hit man, his philosophical partner, a drug-addled gangster's moll and a washed-up boxer converge in this sprawling, comedic crime caper. Their adventures unfurl in three stories that ingeniously trip back and forth in time.","Thriller, Crime, Comedy",8.5,45.9668,1994-09-10
1007757,Swapped,"A small woodland creature and a majestic bird, two natural sworn enemies of the Valley, magically trade places and set off on an adventure of a lifetime to switch back. Their journey soon uncovers a greater threat—one that could endanger not only their species, but the entire valley they call home.","Adventure, Animation, Family, Fantasy",8.869,45.5412,2026-05-01
822119,Captain America: Brave New World,"After meeting with newly elected U.S. President Thaddeus Ross, Sam finds himself in the middle of an international incident. He must discover the reason behind a nefarious global plot before the true mastermind has the entire world seeing red.","Action, Thriller, Science Fiction",5.951,43.5951,2025-02-12
1110034,Kraken,"A marine biologist is doing research on a fish farm when she encounters several strange occurrences. Along with the brutal deaths of two teenagers, all signs point to the deep fjord; can there be more to the depths than the eye can see?","Horror, Action, Thriller",6.3,48.1403,2026-02-06
1291595,Insidious: Out of the Further,"Gemma, a young mother raising her daughter in the house she grew up in, discovers she can travel into The Further, where she possesses an ability to bring what lives there back to the real world.","Horror, Thriller",6.497,47.8869,2026-08-19
1523145,Your Heart Will Be Broken,"High school student Polina is saved from bullying at her new school and makes a deal with the main bully Bars: he must pretend to be her boyfriend and protect her, and she must do everything he says. During this game, the couple develops real feelings, but her family and classmates have reasons to separate the lovers.",Romance,7.082,45.4129,2026-03-26
438631,Dune,"Paul Atreides, a brilliant and gifted young man born into a great destiny beyond his understanding, must travel to the most dangerous planet in the universe to ensure the future of his family and his people. As malevolent forces explode into conflict over the planet's exclusive supply of the most precious resource in existence - a commodity capable of unlocking humanity's greatest potential - only those who can conquer their fear will survive.","Science Fiction, Adventure",7.784,42.6137,2021-09-15
911430,F1,Racing legend Sonny Hayes is coaxed out of retirement to lead a struggling Formula 1 team—and mentor a young hotshot driver—while chasing one more chance at glory.,"Action, Drama",7.827,45.7088,2025-06-25
1439930,The Punisher: One Last Kill,"As Frank Castle searches for meaning beyond revenge, an unexpected force pulls him back into the fight.","Action, Drama, Crime",8.276,45.2346,2026-05-12
447365,Guardians of the Galaxy Vol. 3,"Peter Quill, still reeling from the loss of Gamora, must rally his team around him to defend the universe along with protecting one of their own. A mission that, if not completed successfully, could quite possibly lead to the end of the Guardians as we know them.","Science Fiction, Adventure, Action",7.933,42.9295,2023-05-03
1368166,The Housemaid,"Trying to escape her past, Millie Calloway accepts a job as a live-in housemaid for the wealthy Nina and Andrew Winchester. But what begins as a dream job quickly unravels into something far more dangerous—a sexy, seductive game of secrets, scandal, and power.","Mystery, Thriller",7.258,44.7888,2025-12-18
1284186,Sacrifice,"During a star-studded charity gala brimming with celebrities, billionaires and empty speeches, a movie star in the midst of an existential crisis is taken hostage by a radical warrior and her devoted followers. As the night descends into chaos, both an inward journey and an outward adventure ensue, where the line between performance and belief, salvation and sacrifice, begins to blur.","Adventure, Comedy, Action",5.474,43.8716,2026-04-09
557,Spider-Man,"After being bitten by a genetically altered spider at Oscorp, nerdy but endearing high school student Peter Parker is endowed with amazing powers to become the superhero known as Spider-Man.","Action, Science Fiction",7.356,44.67,2002-05-01
672,Harry Potter and the Chamber of Secrets,"Cars fly, trees fight back, and a mysterious house-elf comes to warn Harry Potter at the start of his second year at Hogwarts. Adventure and danger await when bloody writing on a wall announces: The Chamber Of Secrets Has Been Opened. To save Hogwarts will require all of Harry, Ron and Hermione's magical abilities and courage.","Adventure, Fantasy",7.707,47.3494,2002-11-13
1124142,The Rivals of Amziah King,"Deep within the backwoods of rural Oklahoma, charismatic and musically gifted Amziah King herds a bluegrass-playing band of misfits while overseeing the premier honey-making operation in town. When Amziah’s estranged foster daughter unexpectedly returns, Amziah leaps at the possibility to renew connection and create a family business. But the honey game is ruthless, and Amziah’s rivals threaten to destroy everything he has built.","Thriller, Crime, Drama",6.8,39.8888,2026-08-13
13,Forrest Gump,"A man with a low IQ has accomplished great things in his life and been present during significant historic events—in each case, far exceeding what anyone imagined he could do. But despite all he has achieved, his one true love eludes him.","Comedy, Drama, Romance",8.461,42.0356,1994-06-23
76600,Avatar: The Way of Water,"Set more than a decade after the events of the first film, learn the story of the Sully family (Jake, Neytiri, and their kids), the trouble that follows them, the lengths they go to keep each other safe, the battles they fight to stay alive, and the tragedies they endure.","Action, Adventure, Science Fiction",7.584,43.4029,2022-12-14
737057,Suspicious Practice Room: Special Treatment of Mother's Friend,"A sick hospitalization life in a hospital run by a mother's friend. Shin, who injured her leg in an accident, is admitted to the hospital of her mother's friend Ayumi. Unable to bear the cravings accumulated in the increasingly prolonged hospital life, God secretly masturbates and gets caught by nurse Koharu. Rather than being surprised, Koharu covets God's secret place as an excuse for massage. Moreover, it turns out that Ayumi also has a secret secret.","Drama, Romance",3.75,47.3005,2018-03-06
1384216,The Dog Stars,"After the world's population has been ravaged by a pandemic, a man lives a lonesome existence in a Colorado airplane hangar with his dog and a dour gunman he has befriended. When a mysterious transmission comes through on the radio while he’s flying his old Cessna, it sparks a hunt for the provenance of the sound.","Science Fiction, Thriller, Adventure",6.592,43.9697,2026-08-26
673,Harry Potter and the Prisoner of Azkaban,Harry Potter's life is in danger once more as dangerous wizard Sirius Black has escaped from Azkaban Prison and is heading to Hogwarts.,"Adventure, Fantasy",8.012,43.2591,2004-05-31
895954,母女汽车中心,"Yeon Ja, a working mother, runs a car center after divorce and is raising her daughter all by herself. Her daughter, Ah Jung, started helping her when she became an adult, however, the customers don't trust weak-looking women to touch machines and the business at the car center is slow. Thanks to Ah Jung's punk boyfriend, Sung Hoon, they came up with an idea to turn the car center into a sexy car center.",Romance,4.0,69.4959,2021-01-01
597,Titanic,"101-year-old Rose DeWitt Bukater tells the story of her life aboard the Titanic, 84 years later. A young Rose boards the ship with her mother and fiancé. Meanwhile, Jack Dawson and Fabrizio De Rossi win third-class tickets aboard the ship. Rose tells the whole story from Titanic's departure through to its death—on its first and last voyage—on April 15, 1912.","Drama, Romance",7.9,43.4844,1997-12-18
1495,Kingdom of Heaven,"After his wife dies, a blacksmith named Balian is thrust into royalty, political intrigue and bloody holy wars during the Crusades.","Drama, Action, Adventure, History, War",7.091,43.6051,2005-05-03
361743,Top Gun: Maverick,"After more than thirty years of service as one of the Navy’s top aviators, and dodging the advancement in rank that would ground him, Pete “Maverick” Mitchell finds himself training a detachment of TOP GUN graduates for a specialized mission the likes of which no living pilot has ever seen.","Action, Drama",8.158,44.6816,2022-05-21
354912,Coco,"Despite his family’s baffling generations-old ban on music, Miguel dreams of becoming an accomplished musician like his idol, Ernesto de la Cruz. Desperate to prove his talent, Miguel finds himself in the stunning and colorful Land of the Dead following a mysterious chain of events. Along the way, he meets charming trickster Hector, and together, they set off on an extraordinary journey to unlock the real story behind Miguel's family history.","Family, Animation, Music, Adventure",8.197,42.3996,2017-10-27
324857,Spider-Man: Into the Spider-Verse,"Struggling to find his place in the world while juggling school and family, Brooklyn teenager Miles Morales is unexpectedly bitten by a radioactive spider and develops unfathomable powers just like the one and only Spider-Man. While wrestling with the implications of his new abilities, Miles discovers a super collider created by the madman Wilson ""Kingpin"" Fisk, causing others from across the Spider-Verse to be inadvertently transported to his dimension.","Animation, Action, Adventure, Science Fiction",8.4,41.8174,2018-12-06
315635,Spider-Man: Homecoming,"Following the events of Captain America: Civil War, Peter Parker, with the help of his mentor Tony Stark, tries to balance his life as an ordinary high school student in Queens, New York City, with fighting crime as his superhero alter ego Spider-Man as a new threat, the Vulture, emerges.","Action, Adventure, Science Fiction",7.333,41.8244,2017-07-05
98,Gladiator,"After the death of Emperor Marcus Aurelius, his devious son takes power and demotes Maximus, one of Rome's most capable generals who Marcus preferred. Eventually, Maximus is forced to become a gladiator and battle to the death against other men for the amusement of paying audiences.","Action, Drama, Adventure",8.23,39.9769,2000-05-04
1265609,War Machine,"On one last grueling mission during Army Ranger training, a combat engineer must lead his unit in a fight against a giant otherworldly killing machine.","Action, Science Fiction, Thriller",7.49,43.8199,2026-02-12
58,Pirates of the Caribbean: Dead Man's Chest,"Captain Jack Sparrow’s got a blood debt to pay: he owes his soul to the legendary Davy Jones, ghastly Ruler of the Ocean Depths. To escape eternal servitude aboard the Flying Dutchman, ever-crafty Jack must track down the still-beating heart of Jones. But he won’t do it alone: Will Turner and Elizabeth Swann are drawn back into another one of his perilous quests—assuming they can evade execution for aiding a pirate.","Adventure, Fantasy, Action",7.4,42.4608,2006-07-06
1010581,My Fault,"Noah must leave her city, boyfriend, and friends to move into William Leister's mansion, the flashy and wealthy husband of her mother Rafaela. As a proud and independent 17 year old, Noah resists living in a mansion surrounded by luxury. However, it is there where she meets Nick, her new stepbrother, and the clash of their strong personalities becomes evident from the very beginning.","Drama, Romance, Thriller",7.729,42.4817,2023-06-08
1304313,Lee Cronin's The Mummy,"The young daughter of a journalist disappears into the desert without a trace—eight years later, the broken family is shocked when she is returned to them, as what should be a joyful reunion turns into a living nightmare.","Horror, Mystery",7.9,40.2156,2026-04-15
12445,Harry Potter and the Deathly Hallows: Part 2,"Harry, Ron and Hermione continue their quest to vanquish the evil Voldemort once and for all. Just as things begin to look hopeless for the young wizards, Harry discovers a trio of magical objects that endow him with powers to rival Voldemort's formidable skills.","Adventure, Fantasy",8.08,41.0923,2011-07-12
8587,The Lion King,"Young lion prince Simba, eager to one day become king of the Pride Lands, grows up under the watchful eye of his father Mufasa; all the while his villainous uncle Scar conspires to take the throne for himself. Amid betrayal and tragedy, Simba must confront his past and find his rightful place in the Circle of Life.","Animation, Family, Drama",8.25,40.0435,1994-06-15
1441228,Irumudi,An alcoholic with a violent past—living peacefully with his daughter beside a waterfall—decides to take Ayyappa Deeksha (a 41-day spiritual vow and period of intense austerity) at her request.,"Drama, Family, Action",6.6,48.7545,2026-08-20
862,Toy Story,"Led by Woody, Andy's toys live happily in his room until Andy's birthday brings Buzz Lightyear onto the scene. Afraid of losing his place in Andy's heart, Woody plots against Buzz. But when circumstances separate Buzz and Woody from their owner, the duo eventually learns to put aside their differences.","Family, Comedy, Animation, Adventure",7.989,40.8729,1995-11-22
129,Spirited Away,"A young girl, Chihiro, becomes trapped in a strange new world of spirits. When her parents undergo a mysterious transformation, she must call upon the courage she never knew she had to free her family.","Animation, Family, Fantasy",8.535,39.4761,2001-07-20
177572,Big Hero 6,"A special bond develops between plus-sized inflatable robot Baymax, and prodigy Hiro Hamada, who team up with a group of friends to form a band of high-tech heroes.","Adventure, Family, Animation, Action, Comedy",7.725,40.1729,2014-10-24
1465063,Forgotten Island,"While celebrating their last night together, high school graduates and best friends Jo and Raissa stumble upon a mysterious portal that transports them to the fantastical island of Nakali. When they discover that the memories of their entire friendship are the price for returning home, Jo and Raissa must race to find a way to leave the island before they forget each other forever.","Animation, Adventure, Fantasy, Comedy, Family",7.6,44.6583,2026-09-10
931285,Mortal Kombat II,"The fan favorite champions—now joined by Johnny Cage himself—are pitted against one another in the ultimate, no-holds barred, gory battle to defeat the dark rule of Shao Kahn that threatens the very existence of the Earthrealm and its defenders.","Action, Fantasy, Adventure",7.81,40.9141,2026-05-06
1241982,Moana 2,"After receiving an unexpected call from her wayfinding ancestors, Moana journeys alongside Maui and a new crew to the far seas of Oceania and into dangerous, long-lost waters for an adventure unlike anything she's ever faced.","Adventure, Animation, Comedy, Family, Fantasy",6.992,40.7051,2024-11-21
198663,The Maze Runner,"A teenager with no memory of his past finds himself among a group of boys living in a walled enclosure surrounded by a massive, ever-changing maze. As he struggles to adapt to their rules and society, he begins to uncover clues that may lead to escape and the truth behind their confinement.","Action, Mystery, Science Fiction, Thriller",7.19,39.8022,2014-09-10
674,Harry Potter and the Goblet of Fire,"When his name emerges from the Goblet of Fire, Harry Potter becomes a competitor in a grueling battle for glory among three wizarding schools. Signs of Voldemort's return emerge as Harry's friends help him prepare for the Triwizard Tournament.","Adventure, Fantasy",7.802,41.5194,2005-11-16
585,"Monsters, Inc.","Lovable Sulley and his wisecracking sidekick Mike Wazowski are the top scare team at Monsters, Inc., the scream-processing factory in Monstropolis. When a little girl named Boo wanders into their world, it's the monsters who are scared silly, and it's up to Sulley and Mike to keep her out of sight and get her back home.","Animation, Comedy, Family, Fantasy",7.857,39.3371,2001-11-01
26827,Who's That Girl,An uptight New York City tax lawyer gets his life turned upside down one day when he's asked to escort a feisty free-spirited ex-convict who asks him to help prove her innocence of her crime.,"Comedy, Romance",5.531,58.283,1987-08-07
4935,Howl's Moving Castle,"Sophie, a young milliner, is turned into an elderly woman by a witch who enters her shop and curses her. She encounters a wizard named Howl and gets caught up in his resistance to fighting for the king.","Fantasy, Animation, Adventure",8.387,44.5965,2004-09-09
68718,Django Unchained,"With the help of a German bounty hunter, a freed slave sets out to rescue his wife from a brutal Mississippi plantation owner.","Drama, Western",8.192,39.8097,2012-12-25
240,The Godfather Part II,"In the continuing saga of the Corleone crime family, a young Vito Corleone grows up in Sicily and in 1910s New York. In the 1950s, Michael Corleone attempts to expand the family business into Las Vegas, Hollywood and Cuba.","Drama, Crime",8.6,39.6686,1974-12-20
105,Back to the Future,"Eighties teenager Marty McFly is accidentally sent back in time to 1955, inadvertently disrupting his parents' first meeting and attracting his mother's romantic interest. Marty must repair the damage to history by rekindling his parents' romance and - with the help of his eccentric inventor friend Doc Brown - return to 1985.","Adventure, Comedy, Science Fiction",8.33,40.066,1985-07-03
121,The Lord of the Rings: The Two Towers,"Frodo Baggins and the other members of the Fellowship continue on their sacred quest to destroy the One Ring--but on separate paths. Their destinies lie at two towers--Orthanc Tower in Isengard, where the corrupt wizard Saruman awaits, and Sauron's fortress at Barad-dur, deep within the dark lands of Mordor.","Adventure, Fantasy, Action",8.429,41.1305,2002-12-18
1726,Iron Man,"After being held captive in an Afghan cave, billionaire engineer Tony Stark creates a unique weaponized suit of armor to fight evil.","Action, Science Fiction, Adventure",7.666,38.7515,2008-04-30
99861,Avengers: Age of Ultron,"When Tony Stark tries to jumpstart a dormant peacekeeping program, things go awry and Earth’s Mightiest Heroes are put to the ultimate test as the fate of the planet hangs in the balance. As the villainous Ultron emerges, it is up to The Avengers to stop him from enacting his terrible plans, and soon uneasy alliances and unexpected action pave the way for an epic and unique global adventure.","Action, Adventure, Science Fiction",7.278,39.8458,2015-04-22
502356,The Super Mario Bros. Movie,"While working underground to fix a water main, Brooklyn plumbers—and brothers—Mario and Luigi are transported down a mysterious pipe and wander into a magical new world. But when the brothers are separated, Mario embarks on an epic quest to find Luigi.","Family, Comedy, Adventure, Fantasy, Animation",7.592,41.6144,2023-04-05
12,Finding Nemo,"Nemo, an adventurous young clownfish, is unexpectedly taken from his Great Barrier Reef home to a dentist's office aquarium. It's up to his worrisome father Marlin and a friendly but forgetful fish Dory to bring Nemo home -- meeting vegetarian sharks, surfer dude turtles, hypnotic jellyfish, hungry seagulls, and more along the way.","Animation, Family, Adventure",7.821,40.0709,2003-05-30
14836,Coraline,"Wandering her rambling old house in her boring new town, 11-year-old Coraline discovers a hidden door to a strangely idealized version of her life. In order to stay in the fantasy, she must make a frighteningly real sacrifice.","Animation, Family, Fantasy, Horror",7.94,38.7209,2009-02-05
1032863,The Love Hypothesis,"Olive Smith, a biology PhD candidate, and Dr. Adam Carlsen, a hotshot professor and well-known tyrant, enter into a fake relationship, seeing each of their carefully calculated theories on love get thrown into chaos.","Romance, Comedy",9.4,42.8824,2026-09-23
1723013,Hibla 2,"Two VMX queens, Aliya Raymundo and Margaret Diaz, play reunited childhood friends who share a memorable past and a complicated present: one is a liberated city girl, the other a sheltered country virgin, and both are surrounded by men eager to get a taste of their youth.",Drama,3.0,44.9597,2026-06-30
122917,The Hobbit: The Battle of the Five Armies,"Following Smaug's attack on Laketown, Bilbo and the dwarves try to defend Erebor's mountain of treasure from others who claim it: the men of the ruined Laketown and the elves of Mirkwood. Meanwhile an army of Orcs led by Azog the Defiler is marching on Erebor, fueled by the rise of the dark lord Sauron. Dwarves, elves and men must unite, and the hope for Middle-Earth falls into Bilbo's hands.","Action, Adventure, Fantasy",7.338,39.0979,2014-12-10
803796,KPop Demon Hunters,"When K-pop superstars Rumi, Mira and Zoey aren't selling out stadiums, they're using their secret powers to protect their fans from supernatural threats.","Fantasy, Music, Comedy, Animation",7.997,40.5536,2025-06-20
377670,Chapo: El Escape Del Siglo,A famous drug kingpin escapes from prison. The mexican president wants him back in jail whereas the U.S. government wants him dead.,"Thriller, Action, Adventure, Crime",5.5,41.8151,2016-01-15
617126,The Fantastic 4: First Steps,"Against the vibrant backdrop of a 1960s-inspired, retro-futuristic world, Marvel's First Family is forced to balance their roles as heroes with the strength of their family bond, while defending Earth from a ravenous space god called Galactus and his enigmatic Herald, Silver Surfer.","Science Fiction, Adventure, Action",6.943,38.4968,2025-07-23
950387,A Minecraft Movie,"Four misfits find themselves struggling with ordinary problems when they are suddenly pulled through a mysterious portal into the Overworld: a bizarre, cubic wonderland that thrives on imagination. To get back home, they'll have to master this world while embarking on a magical quest with an unexpected, expert crafter, Steve.","Family, Fantasy, Comedy, Adventure",6.218,39.9462,2025-03-31
1078605,Weapons,"When all but one child from the same class mysteriously vanish on the same night at exactly the same time, a community is left questioning who or what is behind their disappearance.","Horror, Mystery",7.261,38.3341,2025-08-04
1329016,Tony,"A 19-year-old Anthony Bourdain travels to Provincetown and stumbles into the chaotic world of a restaurant kitchen, setting off a summer that will shape the course of his life.","Drama, Comedy",7.6,42.1035,2026-08-07
808,Shrek,"It ain't easy bein' green -- especially if you're a likable (albeit smelly) ogre named Shrek. On a mission to retrieve a gorgeous princess from the clutches of a fire-breathing dragon, Shrek teams up with an unlikely compatriot -- a wisecracking donkey.","Animation, Comedy, Fantasy, Adventure, Family",7.78,37.365,2001-05-18
